지역,주문번호,주문일,상품코드,수량,결제금액,상태,메모
인천,202605-001,2026-09-16,P-1008,4,1108000,배송완료,
서울,202603-002,2026-07-28,P-1002,1,220000,배송완료,문 앞에 놓아 주세요
대전,202604-003,2026-02-28,P-1017,3,294000,취소,문 앞에 놓아 주세요
부산,202605-004,2026-03-11,P-1023,3,843000,취소,부재 시 경비실에 맡겨 주세요
대전,202604-005,2026-02-10,P-1002,2,174000,결제완료,
인천,202609-006,2026-01-10,P-1021,1,291000,배송중,부재 시 경비실에 맡겨 주세요
서울,202608-007,2026-02-26,P-1018,4,264000,배송완료,문 앞에 놓아 주세요
서울,202605-008,2026-04-16,P-1008,4,1588000,취소,문 앞에 놓아 주세요
서울,202608-009,2026-05-11,P-1020,4,1368000,배송중,부재 시 경비실에 맡겨 주세요
대구,202605-010,2026-05-28,P-1005,1,25000,취소,
대구,202602-011,2026-04-25,P-1010,1,381000,결제완료,부재 시 경비실에 맡겨 주세요
인천,202602-012,2026-09-16,P-1010,4,248000,취소,부재 시 경비실에 맡겨 주세요
인천,202602-013,2026-09-24,P-1009,1,217000,배송중,문 앞에 놓아 주세요
광주,202602-014,2026-03-26,P-1009,2,406000,배송중,
대전,202606-015,2026-04-25,P-1016,3,660000,배송완료,
인천,202608-016,2026-07-19,P-1024,2,182000,취소,
대구,202602-017,2026-06-10,P-1011,3,576000,취소,부재 시 경비실에 맡겨 주세요
대전,202601-018,2026-05-18,P-1012,1,52000,취소,
대구,202607-019,2026-05-11,P-1009,4,284000,배송완료,
부산,202605-020,2026-07-26,P-1011,3,348000,결제완료,
대전,202607-021,2026-09-27,P-1007,4,1548000,배송완료,
인천,202603-022,2026-05-25,P-1002,1,300000,배송중,부재 시 경비실에 맡겨 주세요
인천,202606-023,2026-05-19,P-1009,2,794000,결제완료,부재 시 경비실에 맡겨 주세요
대구,202608-024,2026-09-22,P-1004,4,416000,배송중,
광주,202608-025,2026-09-17,P-1015,1,189000,취소,
광주,202604-026,2026-04-12,P-1006,4,776000,배송완료,
대구,202605-027,2026-04-10,P-1024,3,690000,취소,
인천,202605-028,2026-06-11,P-1016,4,644000,결제완료,
